{
  "_format": "hh-sol-cache-2",
  "files": {
    "C:\\Users\\Mel\\OneDrive\\Έγγραφα\\GitHub\\test_hardhat_javascipt\\contracts\\Reward_Penalty_System.sol": {
      "lastModificationDate": 1734885131465,
      "contentHash": "1741b258ad40ac5a9a6cda78ad97c9d6",
      "sourceName": "contracts/Reward_Penalty_System.sol",
      "solcConfig": {
        "version": "0.8.27",
        "settings": {
          "evmVersion": "paris",
          "optimizer": {
            "enabled": false,
            "runs": 200
          },
          "outputSelection": {
            "*": {
              "*": [
                "abi",
                "evm.bytecode",
                "evm.deployedBytecode",
                "evm.methodIdentifiers",
                "metadata"
              ],
              "": [
                "ast"
              ]
            }
          }
        }
      },
      "imports": [
        "./Task_Initialization.sol"
      ],
      "versionPragmas": [
        ">=0.7.0 <0.9.0"
      ],
      "artifacts": [
        "Reward_Penalty_System"
      ]
    },
    "C:\\Users\\Mel\\OneDrive\\Έγγραφα\\GitHub\\test_hardhat_javascipt\\contracts\\Task_Initialization.sol": {
      "lastModificationDate": 1734885143875,
      "contentHash": "11e6e141a38e97e36482592dfd2398f3",
      "sourceName": "contracts/Task_Initialization.sol",
      "solcConfig": {
        "version": "0.8.27",
        "settings": {
          "evmVersion": "paris",
          "optimizer": {
            "enabled": false,
            "runs": 200
          },
          "outputSelection": {
            "*": {
              "*": [
                "abi",
                "evm.bytecode",
                "evm.deployedBytecode",
                "evm.methodIdentifiers",
                "metadata"
              ],
              "": [
                "ast"
              ]
            }
          }
        }
      },
      "imports": [
        "./UserInformation.sol"
      ],
      "versionPragmas": [
        ">=0.7.0 <0.9.0"
      ],
      "artifacts": [
        "Task_Initialization"
      ]
    },
    "C:\\Users\\Mel\\OneDrive\\Έγγραφα\\GitHub\\test_hardhat_javascipt\\contracts\\UserInformation.sol": {
      "lastModificationDate": 1734884990846,
      "contentHash": "6b328b969077f74f2528eea6fb745f7a",
      "sourceName": "contracts/UserInformation.sol",
      "solcConfig": {
        "version": "0.8.27",
        "settings": {
          "evmVersion": "paris",
          "optimizer": {
            "enabled": false,
            "runs": 200
          },
          "outputSelection": {
            "*": {
              "*": [
                "abi",
                "evm.bytecode",
                "evm.deployedBytecode",
                "evm.methodIdentifiers",
                "metadata"
              ],
              "": [
                "ast"
              ]
            }
          }
        }
      },
      "imports": [],
      "versionPragmas": [
        ">=0.7.0 <0.9.0"
      ],
      "artifacts": [
        "UserInformation"
      ]
    },
    "C:\\Users\\Mel\\OneDrive\\Έγγραφα\\GitHub\\test_hardhat_javascipt\\contracts\\Task_Selection.sol": {
      "lastModificationDate": 1734884873358,
      "contentHash": "8905512bf2fe9f20d9dd7be919983d74",
      "sourceName": "contracts/Task_Selection.sol",
      "solcConfig": {
        "version": "0.8.27",
        "settings": {
          "evmVersion": "paris",
          "optimizer": {
            "enabled": false,
            "runs": 200
          },
          "outputSelection": {
            "*": {
              "*": [
                "abi",
                "evm.bytecode",
                "evm.deployedBytecode",
                "evm.methodIdentifiers",
                "metadata"
              ],
              "": [
                "ast"
              ]
            }
          }
        }
      },
      "imports": [
        "./Reward_Penalty_System.sol"
      ],
      "versionPragmas": [
        ">=0.7.0 <0.9.0"
      ],
      "artifacts": [
        "Task_Selection"
      ]
    }
  }
}
